first,last,postcode,house
Emma,Smith,BN3 3RJ,94
Olivia,Williams,HP15 6NR,82
Oliver,Brown,HG3 5RH,82
Ava,Robinson,BB2 5BD,98
Isabella,Johnson,RM9 4RX,73
Sophia,Walker,TN11 8HT,29
Elijah,Roberts,DA1 1YD,57
Ethan,Green,DN37 9DS,92
Mia,Evans,ME4 5ET,8
Charlotte,Jackson,BT2 7QL,43
Lucas,Davies,NW10 4JQ,61
Harper,Lees,LE8 0QP,88
Avery,Green,LS6 3QG,90
Abigail,Green,NW5 3PJ,1
James,Wood,BT31 9LD,100
Aiden,Wright,B9 4AN,77
Carter,Harris,BA5 3JD,33
Chris,Robinson,BB2 5BD,1
Aria,Hughes,TQ7 4PU,56
Sebastian,White,IP7 9SE,43
Ella,Black,WD24 4QP,34
Evelyn,Ross,NG12 3DT,91
Benjamin,Brown,CM14 5GL,31
Arthur,Harvey,WA5 2PB,43
